user_id,book_id,rating
1,3010,-0.09090909090909083
1,3027,-0.09090909090909083
1,3011,0.9090909090909092
1,3015,0.9090909090909092
1,3017,-0.09090909090909083
1,3000,-0.09090909090909083
1,3022,-0.09090909090909083
1,3024,-0.09090909090909083
1,3016,-2.090909090909091
4,3026,-0.3999999999999999
4,3032,0.6000000000000001
4,3043,-1.4
4,3030,0.6000000000000001
4,3199,0.6000000000000001
1,3197,-0.09090909090909083
1,3008,0.9090909090909092
