user_id,book_id,rating
1,3000,-0.20000000000000018
1,3008,0.7999999999999998
1,3011,0.7999999999999998
1,3015,0.7999999999999998
1,3016,-2.2
1,3017,-0.20000000000000018
1,3022,-0.20000000000000018
1,3024,-0.20000000000000018
1,3196,0.7999999999999998
1,3197,-0.20000000000000018
