user_id,book_id,rating
4,3023,0.20000000000000018
1,3027,0.8181818181818183
1,3011,0.8181818181818183
1,3015,0.8181818181818183
1,3017,-0.18181818181818166
1,3000,-0.18181818181818166
1,3022,-0.18181818181818166
1,3024,-0.18181818181818166
1,3016,-2.1818181818181817
4,3026,-0.7999999999999998
4,3030,0.20000000000000018
4,3163,0.20000000000000018
1,3163,-0.18181818181818166
1,3197,-0.18181818181818166
4,3199,0.20000000000000018
1,3008,0.8181818181818183
