user_id,book_id,rating
1,3000,-0.25
4,3010,-1.1666666666666665
1,3010,-0.25
1,3027,0.75
1,3011,0.75
1,3015,0.75
1,3017,-0.25
1,3022,-0.25
1,3024,-0.25
1,3016,-2.25
4,3026,-0.16666666666666652
4,3032,0.8333333333333335
4,3030,0.8333333333333335
4,3043,-1.1666666666666665
4,3199,0.8333333333333335
1,3197,-0.25
1,3196,0.75
1,3008,0.75
