user_id,book_id,rating
1,3016,-2.1111111111111107
1,3011,0.8888888888888893
1,3015,0.8888888888888893
1,3017,-0.11111111111111072
1,3000,-0.11111111111111072
1,3022,-0.11111111111111072
1,3024,-0.11111111111111072
4,3023,0.20000000000000018
4,3026,-0.7999999999999998
4,3030,0.20000000000000018
1,3197,-0.11111111111111072
4,3201,0.20000000000000018
4,3199,0.20000000000000018
1,3008,0.8888888888888893
